"Hash","RelativePath","FileName","Length"
"1D5464A55A6BCA506D37375F01974BF05C44A5DE306D30AD0AE6289F705F844E","eletronicos\colunas\marshal\Modelo1.jpg","Modelo1.jpg","2378907"
"B059E27A8E4A80416FEB6CEFD9DBB5A8E1CC0510FD216D1518F306A8A4FB789C","eletronicos\colunas\marshal\Modelo2.jpg","Modelo2.jpg","1573222"
"E0BF0202A0115B4D0E5D20BE526D3AF067284A9F1E14BE49B9E5F11C63F2332E","eletronicos\colunas\marshal\Modelo3.jpg","Modelo3.jpg","1794190"
"0C98B8B04B90C430DA3A52CD4D8E3B9BE996CA34BD440AC54E579DA9ED89A042","shoes\adidas\forumm\Modelo1.jpg","Modelo1.jpg","423607"
"BFDA0516615464A458065CBD1877AB1BFE47DB6BE3FF165FA1F43DA005C9251E","shoes\adidas\forumm\Modelo2.jpg","Modelo2.jpg","692110"
"97DC65BB7AF7DBA5D407F119555E8DCDA0E2B4E467F632AFC69050C290F317FB","shoes\adidas\forumm\Modelo3.jpg","Modelo3.jpg","1877821"
"9AD284BAEFD28458D4A4CD61559FFAB36306F4E23CD16F5D21A0F8B81B5198D8","shoes\adidas\forumm\Modelo4.jpg","Modelo4.jpg","316585"
"D73E6C24AAB9CE7FB9BB5E220223525969F3D7CA9DFFA77F4A6BB2CAE30F96DF","shoes\adidas\forumm\Modelo5.jpg","Modelo5.jpg","393918"
"42CE86653ED6015830D4B435EC6262F1556ED9390859E6C771434F5BCF3BB0E8","shoes\adidas\forumm\Modelo6.jpg","Modelo6.jpg","1482090"
"11958FF062FF27715870B9808EA4873B587A5455B2334A1A9CDF46DEB11B4C10","shoes\adidas\spezial\Modelo1.jpg","Modelo1.jpg","350336"
"6CF36AE760EAA0DB2357F6C416586E8628E7FD34664EEDA0F3DF4372DBEE51D4","shoes\adidas\spezial\Modelo2.jpg","Modelo2.jpg","1132266"
"B6746E6DD5A67FE98718A99B404DBE48D5B805F8979B5D554D521CA0FBFF0B0A","shoes\adidas\spezial\Modelo3.jpg","Modelo3.jpg","1026599"
"3CDE831EFA6FD28AEBE94CC7534E643EFE83E96F80F1DD7A42FC27BF4F6FF343","shoes\adidas\spezial\Modelo4.jpg","Modelo4.jpg","679439"
"92F47E07D7AB9FB3B559A8B8A2A177782A7EE1D2EFF20F7975F23940A096D0FF","shoes\adidas\spezial\Modelo5.jpg","Modelo5.jpg","441114"
"97FE097AEA817D853F29A70BB64CB8BEF1D708C4B6C1CC6B77D7AC8DFC3887D6","shoes\adidas\spezial\Modelo6.jpg","Modelo6.jpg","1030264"
"6A49A53B49F1A95D4688BA58A479FA0DC5B4D588D9F22E43E064F6107D671592","shoes\nike\airforce1\AirForce1xSupreme.jpg","AirForce1xSupreme.jpg","322305"
